,Unnamed: 0,video_id,video_title,upload_date,view_count,like_count,comment_count,mean_weighted_sentiment_score,median_weighted_sentiment_score,std_weighted_sentiment_score,sentiment_label,days_since_upload,views_per_day,comment_count_per_day
0,0,DOtPOfeyJ4Q,Confronting the seller of a questionable Kobe autograph,2022-11-02,781610,62761,447,0.0601848850776622,0.1183066368103027,0.52378724860144,Neutral,2.0,390805.0,223.5
1,1,ZrZVTAdSMl8,Do experts think my cheap Kobe autograph is real?,2022-11-01,113539,9483,57,0.1176545612739794,0.1493313908576965,0.7405422450420146,Positive,3.0,37846.33,19.0
2,2,_DcZFOirIDE,Anyone need a new camera?,2022-11-01,40723,3162,3230,0.630732670561305,0.8541512191295624,0.4303122415499242,Positive,3.0,13574.33,1076.67
3,3,JVHboSk65-k,I asked collectors if my cheap Kobe autographs are real,2022-10-31,971564,78562,70,0.2437240615804144,0.1585006833076477,0.5688061192989387,Positive,4.0,242891.0,17.5
4,4,nxy-A8auW9U,Unboxing a $400 Kobe autographed ball (real?),2022-10-28,501415,46803,70,-0.3029187513972228,-0.5025392174720764,0.4895255826107549,Negative,7.0,71630.71,10.0
5,5,IzbqWW52D6Y,I bought a $400 Kobe autographed basketball (sus?),2022-10-28,1469829,135524,88,-0.080824173774038,0.1299319207668304,0.567284930865481,Neutral,7.0,209975.57,12.57
6,6,pNbLkQV3OkQ,Is the cheapest Kobe autographed ball online real?,2022-10-26,2103937,141783,220,-0.1474541681964381,0.1012435436248779,0.5066059358784356,Negative,9.0,233770.78,24.44
7,7,i-EGeo6iLx0,I bought the cheapest Kobe autographed ball online,2022-10-26,455423,30172,68,-0.0566802020072937,0.1034752666950225,0.6137086969133877,Neutral,9.0,50602.56,7.56
8,8,DfapVOpJdks,How much gold I found in $100 Amazon pay dirt,2022-10-20,1835207,110940,606,-0.1432744229318306,0.1045309424400329,0.5767883040761381,Negative,15.0,122347.13,40.4
9,9,iwe3SuNkXbg,I bought $500 worth of G-ShockÔøºÔøº watches,2022-10-14,1162979,75225,1536,0.3882925440704606,0.4698635935783386,0.5337904187385369,Positive,21.0,55379.95,73.14
10,10,JZvrStxx2Z8,I manufactured Yeezy sunglasses from scratch,2022-10-12,455182,33210,203,0.0340596083867347,0.1393757998943328,0.6816437238289189,Neutral,23.0,19790.52,8.83
11,11,2iq9yJ_ptso,I paid artists $200 to turn Yeezys into sunglasses (foam runners),2022-10-11,1871976,143156,213,-0.1441106022437873,0.1028690457344055,0.6697865817371861,Negative,24.0,77999.0,8.88
12,12,LidHyLEYw14,I Turned Yeezy Sneakers Into Sunglasses,2022-10-06,9368,478,70,0.4844618991929657,0.7740585803985596,0.5988235795299299,Positive,29.0,323.03,2.41
13,13,luDrIsXN2GI,How I profited off the fidget spinner craze,2022-10-04,3004250,197699,260,-0.084994996368885,0.1180898487567901,0.5334969192431434,Neutral,31.0,96911.29,8.39
14,14,PwAp8AaiOFU,Easy Amazon side hustle - sell books with no words #ad,2022-10-03,48959,3325,30,0.1119312286376953,0.1441152691841125,0.6949855984928205,Positive,32.0,1529.97,0.94
15,15,JSLsY0YdHrY,I made a 3D printed 500k YouTube play button,2022-10-01,49641,4279,39,0.5578583070726105,0.9460793137550354,0.5996670106304108,Positive,34.0,1460.03,1.15
16,16,Yb8PBOMEKiE,Make $1700 A Month Selling Books On Amazon - Easy Side Hustle - No Writing Required,2022-09-28,10834,680,90,0.242818772091585,0.3650694012641906,0.7255921996818453,Positive,37.0,292.81,2.43
17,17,5fwdTOSCHXg,How to make $200 a day with a drone,2022-09-23,1729501,123892,814,-0.1512092721664299,0.113597947359085,0.5264329482552449,Negative,42.0,41178.6,19.38
18,18,_v9TxKu5eHU,My best finds at the thrift store (as a reseller),2022-09-17,96751,6046,67,-0.0742713422388643,0.1224552989006042,0.6203274408944217,Neutral,48.0,2015.65,1.4
19,19,i3PhipDbJec,These boring glasses made me thousands online,2022-09-14,91084,8983,32,0.2504667587005175,0.1586404860019684,0.6515610907281831,Positive,51.0,1785.96,0.63
20,20,2bMxiKefjHw,Testing the world‚Äôs brightest flashlight OUTSIDE,2022-09-08,229984,16588,135,-0.0119806018065322,0.1368911504745483,0.5194695203893472,Neutral,57.0,4034.81,2.37
21,21,j1u40MkqNZo,I bought the brightest flashlight in the world ($700),2022-09-07,109407,6937,53,0.1880406878564668,0.1524853587150573,0.4763615872165321,Positive,58.0,1886.33,0.91
22,22,yELjMWa7Lq0,Unboxing the brightest flashlight in the world ($700),2022-09-07,50759,3611,35,0.1773505544662475,0.1407070755958557,0.5149946023743192,Positive,58.0,875.16,0.6
23,23,WWvX_Ls1zd8,Picking the winner of the MacBook‚Ä¶,2022-09-05,53219,3890,59,0.3675026638385577,0.5336789488792419,0.5864206892284509,Positive,60.0,886.98,0.98
24,24,oaoEYpKUaEA,I paid an artist $20 to turn Yeezy sneakers into sunglasses,2022-09-01,4234596,317273,645,-0.0654939779181182,0.1301554083824157,0.5930746929705852,Neutral,64.0,66165.56,10.08
25,25,7VuYOkPG4AE,I got a gadget filled mystery box in the mail #shorts #sponsored,2022-08-31,211944,16214,154,-0.1349687055505887,0.1155570387840271,0.6124054767670268,Negative,65.0,3260.68,2.37
26,26,eSuFxZErf-c,The unfortunate truth of many US ‚Äúfactories‚Äù,2022-08-29,200262,10788,62,0.09195497463911,0.1502678394317627,0.5078351945017271,Neutral,67.0,2988.99,0.93
27,27,yYqWz-v9frA,Valuing the gold I found in Amazon pay dirt,2022-08-24,625339,52224,255,-0.0483767862577696,0.12913658618927,0.5389065167767132,Neutral,72.0,8685.26,3.54
28,28,3-V00ElEXig,How much gold I found in Amazon pay dirt,2022-08-23,5827039,248207,778,-0.1768413202378197,0.105675584077835,0.5496149912123519,Negative,73.0,79822.45,10.66
29,29,7H0SC3a1J10,Is Gold Pay Dirt A Good Side Hustle?,2022-08-22,1844903,117969,420,-0.2032565093734889,0.103080403804779,0.526645664504715,Negative,74.0,24931.12,5.68
30,30,_ysQw7k675o,I Bought Gold Pay Dirt And Made $______,2022-08-19,37322,1582,230,0.1775877017866481,0.1571132242679595,0.610941251278904,Positive,77.0,484.7,2.99
31,31,9-_qO9MfTso,How much my money making hotspot has made,2022-08-18,866417,64077,246,-0.3011059377134217,-0.5440095663070679,0.5213630876005506,Negative,78.0,11107.91,3.15
32,32,AdMYj6_5PpA,He sold me fake Pok√©mon cards‚Ä¶ maybe?,2022-08-12,421491,21197,493,-0.0514278408845265,0.1277237415313721,0.4577978108412194,Neutral,84.0,5017.75,5.87
33,33,wIKBjVd8Yrw,He had 0 viewers‚Ä¶ so I sent him $ for bitcoin,2022-08-11,157334,8667,87,0.0377381018229893,0.1261795282363891,0.6012089951783197,Neutral,85.0,1850.99,1.02
34,34,Rd5XQOrUSio,Revealing My Entire Pok√©mon Investment,2022-08-08,2756855,115333,830,0.0135946361092496,0.1335976481437683,0.5365731819023106,Neutral,88.0,31327.9,9.43
35,35,1rST6dPtfcQ,I tested the midnight Walmart side hustle,2022-08-05,1837882,71427,686,-0.2717567126198513,-0.4386969655752181,0.5259808584027598,Negative,91.0,20196.51,7.54
36,36,NeY88HMi5wA,I started a clothing brand for under $100 #shorts #ad,2022-08-04,188385,14119,98,-0.1615292238466667,0.1471007227897644,0.6910088682637998,Negative,92.0,2047.66,1.07
37,37,G2ZwJE4Jm7U,saying goodbye‚Ä¶,2022-08-03,215543,16707,2622,0.440221734614151,0.612252414226532,0.5414142002435645,Positive,93.0,2317.67,28.19
38,38,MeR0neyhrEw,How much iPhone box costs to make in USA vs. China,2022-07-30,5546984,325141,5859,-0.3650025599342022,-0.5969308018684387,0.5040412645493637,Negative,97.0,57185.4,60.4
39,39,Feeh8hMClDU,How she started a $10mil per year ‚Äúside hustle‚Äù,2022-07-28,180821,10472,116,-0.0915724055965741,0.1171593844890594,0.5986658409164433,Neutral,99.0,1826.47,1.17
40,40,sV76wNjPiuU,I Tried The Amazon Affiliate Side Hustle (how much I made),2022-07-27,385224,29550,99,0.1030739862667886,0.1575654745101928,0.5712582189563264,Positive,100.0,3852.24,0.99
41,41,ZkCZMeMBNS8,Is Amazon Affiliate Marketing a Good Side Hustle?,2022-07-26,2018008,152663,221,-0.111587299502665,0.1174818634986877,0.6026612699466943,Negative,101.0,19980.28,2.19
42,42,sn8D5BMDPfg,I Tried Selling Amazon Products With Memes,2022-07-25,39091,2187,77,0.3339469132271218,0.1860344171524048,0.5152366699953689,Positive,102.0,383.25,0.75
43,43,nwmvg6vpMns,I‚Äôm turning a meme page into a business,2022-07-22,269367,22415,176,-0.3314176872031379,-0.6322585344314575,0.5857038696146821,Negative,105.0,2565.4,1.68
44,44,0luY8pOzNww,I bought a questionable pineapple‚Ä¶,2022-07-20,10616068,946659,4680,0.0038384703745377,0.1259798049926757,0.5107310288538469,Neutral,107.0,99215.59,43.74
45,45,sZcgNlKA54k,I‚Äôm investing in $100 empty boxes #shorts #sponsored,2022-07-18,1681458,159558,475,-0.2456835637197774,0.0935898780822753,0.5901250262295734,Negative,109.0,15426.22,4.36
46,46,_G6Tvk5rJdc,I paid Fiverr to redesign my product packaging,2022-07-14,7941682,408708,2753,0.0498816344339947,0.1339082896709441,0.6187594650757069,Neutral,113.0,70280.37,24.36
47,47,-NeMQkXjzLQ,I tried turning $21 into $100 in profit (30min challenge),2022-07-12,1952270,158666,414,-0.0664247611101637,0.1297030866146087,0.5502024531712301,Neutral,115.0,16976.26,3.6
48,48,XUKTNl8i9uk,The science behind my new YouTube thumbnail‚Ä¶,2022-07-11,183171,12508,72,0.189459424235604,0.1526386260986328,0.6434038445662472,Positive,116.0,1579.06,0.62
49,49,jjhNrouKLQ4,Taste testing the most expensive water on Amazon,2022-07-07,3095865,340768,1515,0.0653773787058728,0.1359499812126159,0.6424856030754718,Neutral,120.0,25798.88,12.62
50,50,tFmEMzQFPYk,I bought the most expensive water on Amazon,2022-07-05,7633883,623213,4078,-0.207682886804408,0.0997994780540466,0.5539217512335939,Negative,122.0,62572.81,33.43
51,51,gKACwcBbsQ4,I tried going viral as a small brand,2022-07-01,3554636,318865,536,-0.2164547143497533,0.1038232207298278,0.5881616851490497,Negative,126.0,28211.4,4.25
52,52,INCQBEu_juI,I‚Äôm building a sunglasses brand to compete with Rayban (ep.2),2022-06-28,771667,57089,417,0.022003584742188,0.1367790341377258,0.6104890075111741,Neutral,129.0,5981.91,3.23
53,53,ER0Nmtf1ZMw,I tried upgrading my money making hotspot (helium update PT.5),2022-06-25,2370984,154716,651,-0.2204841205756908,0.0965594291687011,0.53952686656086,Negative,132.0,17962.0,4.93
54,54,_4Q9pThNjL4,I Tried Relaunching My Failed Business - Ep.1,2022-06-24,16078,877,85,0.395276640201437,0.1855186581611633,0.5188182238554973,Positive,133.0,120.89,0.64
55,55,ADNuLSFOOXk,They were trying to disguise their side hustle‚Ä¶,2022-06-24,231893,11616,33,-0.1008457558022605,0.1004503548145294,0.6355769483509515,Negative,133.0,1743.56,0.25
56,56,0JqbAZhncZ8,Did this seller scam me with her rolex?,2022-06-22,853458,65159,152,-0.2136794072445308,-0.6006096601486206,0.6581204036905848,Negative,135.0,6321.91,1.13
57,57,HuzI5-Cz6sM,I tried finding profitable flips (ELON MUSK EDITION),2022-06-18,806622,61655,173,-0.132597137552447,0.120970869064331,0.5485577944983095,Negative,139.0,5803.04,1.24
58,58,3C-3pbYzPCg,I tried hyper realistic VR gaming (zombie edition),2022-06-16,453980,24664,98,0.3577919686541838,0.1762799739837646,0.4275114631626662,Positive,141.0,3219.72,0.7
59,59,tDEwiQlahfU,Surprising her with the cheapest rolex on eBay,2022-06-13,1316230,90274,1289,-0.1673259424708657,-0.4823541045188904,0.6787264378567877,Negative,144.0,9140.49,8.95
60,60,0gJlInD47gw,Confronting the seller of the ‚Äúcheapest rolex on ebay‚Äù,2022-06-10,1234922,80809,626,-0.2633803059681011,-0.6552845239639282,0.6857723004558544,Negative,147.0,8400.83,4.26
61,61,auxv8xyea9c,Is the cheapest rolex on eBay real?,2022-06-09,30106646,2002289,2162,-0.2011166806387867,0.1018722116947173,0.5575789719326769,Negative,148.0,203423.28,14.61
62,62,SHFWyvLzUxU,I Bought The Cheapest Rolex On eBay,2022-06-08,221018,14921,1410,0.0999112773228456,0.135564512014389,0.7002487784763035,Neutral,149.0,1483.34,9.46
63,63,hMVUdFEN74U,Unboxing the cheapest rolex on eBay,2022-06-03,546741,30044,234,-0.1208730538944145,0.1074641406536102,0.6301286324126366,Negative,154.0,3550.27,1.52
64,64,KlTyRgVWqmI,I bought the cheapest rolex on eBay‚Ä¶,2022-06-02,1160878,54112,293,-0.230201967037161,0.0965594291687011,0.554523386535649,Negative,155.0,7489.54,1.89
65,65,TaLnBn-qTAE,Did I find real Yeezy slides?,2022-05-30,4074711,308838,549,-0.1402740389952732,0.1099249958992004,0.5626569971081177,Negative,158.0,25789.31,3.47
66,66,MKD8iBdT2TQ,Asking Rolex dealers if I can film in their store,2022-05-28,228490,11054,67,-0.1140841959611229,0.1187528491020201,0.5285920490127536,Negative,160.0,1428.06,0.42
67,67,SX-An2mHmm0,I looked for profit in a RICH CITY thrift store,2022-05-27,1861965,115574,744,-0.3291312329220833,-0.6236816644668579,0.5905892888586094,Negative,161.0,11565.0,4.62
68,68,IAI1UswVJGA,My Money Printing Tablet Farm Journey (How much I made),2022-05-24,32861,1413,114,0.2350858149649221,0.1607171177864075,0.4991631067826085,Positive,164.0,200.37,0.7
69,69,u6ZpmfV0Zck,I tried making money with unclaimed mail,2022-05-22,3214566,193022,728,-0.1021894233522715,0.1274324357509613,0.5481166368134271,Negative,166.0,19364.86,4.39
70,70,7s_gTXbXBcU,Make this ONE change to 2x your eBay/Amazon sales,2022-05-20,1075509,63755,202,0.0680452238034157,0.1321988821029663,0.6085529732947985,Neutral,168.0,6401.84,1.2
71,71,WW5xJ0yPdWE,My sneaky plan to monetize my meme page‚Ä¶,2022-05-18,252723,15479,176,0.3011921868069481,0.1534915804862976,0.5342700874799108,Positive,170.0,1486.61,1.04
72,72,nsvTEzFhwl4,I just UPGRADED my money making hotspot (helium update PT.4),2022-05-13,3348675,219116,774,-0.242490879704384,0.0984283804893493,0.5227315371271138,Negative,175.0,19135.29,4.42
73,73,eT60aL2ysCI,How my failed business started my new career‚Ä¶,2022-05-11,196201,12555,68,0.367862201907805,0.188392573595047,0.5755169619615921,Positive,177.0,1108.48,0.38
74,74,ZaxsNeUUoiM,I tried dropshipping‚Ä¶ here‚Äôs how much I made,2022-05-10,267343,16393,91,-0.0344487615088199,0.1227238774299621,0.6187837985522747,Neutral,178.0,1501.93,0.51
75,75,dj9EQMAvrXQ,I tried finding profitable flips at Walmart (in a RICH city üí∞),2022-05-06,2116905,123699,567,-0.1978140915379576,0.1003610849380493,0.5228906392371541,Negative,182.0,11631.35,3.12
76,76,SI_89jAAohQ,I bought a Crushmetric SwitchPen (for research),2022-05-02,192329,13506,56,0.3712562016078404,0.1769008636474609,0.574896644152198,Positive,186.0,1034.03,0.3
77,77,9EzqbL7guy0,I bought a Pok√©mon collection to flip for profit (AGAIN),2022-04-29,1533920,86320,457,-0.0093819735117599,0.1276485443115234,0.5331690776689026,Neutral,189.0,8115.98,2.42
78,78,2xQwD68FklU,My biggest viral video flop all time‚Ä¶,2022-04-26,155055,8807,32,0.1623489787181218,0.1439114093780517,0.6251084502650225,Positive,192.0,807.58,0.17
79,79,pjmSeIDMKdY,Jason Derulo DM‚Äôd me‚Ä¶ (here‚Äôs why),2022-04-22,149995,8124,55,-0.0709398070971171,0.1189093232154846,0.6252365108940245,Neutral,196.0,765.28,0.28
80,80,bVn_DCwTG-w,I tried making a pro commercial for under $500,2022-04-21,150244,10616,105,0.0274875765755062,0.1356349110603332,0.6377098306709669,Neutral,197.0,762.66,0.53
81,81,D2SYEbTGa7Q,Jidion‚Äôs secret to growing 4mil subs in 1 year‚Ä¶,2022-04-18,96684,4489,30,0.2227262270450592,0.1397615671157837,0.4508999708026275,Positive,200.0,483.42,0.15
82,82,rrH1T6KWaYA,I tried flipping sneakers from the Nike outlet,2022-04-15,5004675,306074,852,-0.1834381425513372,0.1030622959136963,0.5241772510334952,Negative,203.0,24653.57,4.2
83,83,OnW8nR2t26o,How I used 1 viral video to grow my business FAST,2022-04-13,144830,8412,39,0.1976426272556699,0.1493651509284973,0.5679898765483893,Positive,205.0,706.49,0.19
84,84,yLjzoQCsQ14,My biggest failure as an entrepreneur‚Ä¶,2022-04-12,113690,7247,94,0.2741504803299903,0.1552396893501282,0.6283386414081017,Positive,206.0,551.89,0.46
85,85,fYOSzzEX8eU,Upgrading my office into a video studio for $100,2022-04-08,112897,6304,44,0.5373979266732931,0.8549612760543823,0.5095295338433014,Positive,210.0,537.6,0.21
86,86,tWFr9mWxoeA,Comparing PRIME to Powerade (will this brand win?),2022-04-05,93456,5435,66,-0.2515015417621249,-0.1959040433168411,0.551918812300022,Negative,213.0,438.76,0.31
87,87,nMCi9ByUtac,I tried finding profitable flips at Walmart AGAIN,2022-04-01,2057610,128809,470,-0.2479140062429752,0.0842325657606124,0.5687967947535683,Negative,217.0,9482.07,2.17
88,88,zKbnMJEpVkk,Giving streamers with 0 viewers $ to buy bitcoin,2022-03-31,122581,7084,89,0.2267968016155695,0.1509290933609008,0.5880716727378946,Positive,218.0,562.3,0.41
89,89,RQilDfdV1vg,Unboxing my 100k play button  my best YT advice,2022-03-29,76442,5082,57,0.5419730012615521,0.9173637330532074,0.5816334916457858,Positive,220.0,347.46,0.26
90,90,go1KYCtrl2Q,I asked a $100m CEO: ‚Äúis college worth it?‚Äù,2022-03-26,103689,5042,49,0.1759562909603118,0.1350775122642517,0.5737751121276848,Positive,223.0,464.97,0.22
91,91,m0PtxJF7Bh4,I tried finding profitable flips at Goodwill‚Ä¶,2022-03-24,1220806,82160,785,-0.2901634307142715,-0.570060670375824,0.602946132960919,Negative,225.0,5425.8,3.49
92,92,CqwErPqMwew,How I find niche $ making products on eBay,2022-03-17,116564,5882,52,0.1784214046266344,0.1492742538452148,0.569584130675348,Positive,232.0,502.43,0.22
93,93,z9MWIpKlhG8,Why I spent $3k on a full send metacard NFT (Nelk),2022-03-15,508914,18276,441,-0.3237472745148759,-0.5851634740829468,0.5609282810414026,Negative,234.0,2174.85,1.88
94,94,K6TzzlrmSMA,How I grew from 1k-100k subscribers in 1 week,2022-03-12,88116,4392,48,0.2771195530891418,0.1673625230789184,0.6396114000301691,Positive,237.0,371.8,0.2
95,95,_UR4m2qtRsI,I upgraded my $ making hotspot (week 2 results),2022-03-10,541794,33465,204,0.0537928372037176,0.1560942709445953,0.5556623239972167,Neutral,239.0,2266.92,0.85
96,96,dPkIKNBQGuM,I built a dropshipping store from a cozy cabin,2022-03-09,205689,9803,77,0.1465904740910781,0.1630385041236877,0.6178057404864161,Positive,240.0,857.04,0.32
97,97,5HwXYQO4aC8,What influencers actually get for free‚Ä¶,2022-03-08,270517,18598,116,0.0504702965187471,0.1266028344631194,0.7025391068015844,Neutral,241.0,1122.48,0.48
98,98,D4UXIL3BHNs,I tried starting a streetwear brand for $70,2022-03-07,530461,34462,534,0.2284504291004372,0.1842821836471557,0.6130476289503506,Positive,242.0,2191.99,2.21
99,99,ScJGWii1bwc,I spent $100 on Pok√©mon cards to flip for profit,2022-03-03,4554853,223045,1015,-0.1393133487207133,0.1113961040973663,0.5285056136672402,Negative,246.0,18515.66,4.13
100,100,J6C4ZLvt1Oo,I made a diamond play button out of paper,2022-03-02,2674456,177703,350,0.4481391144982466,0.6336849331855774,0.538228205602454,Positive,247.0,10827.76,1.42
101,101,Ip2JJbz11h4,How much $ I‚Äôve made helium mining (Week 1),2022-02-28,2900702,180433,1206,-0.1246280622071233,0.1202234745025634,0.5240398553010802,Negative,249.0,11649.41,4.84
102,102,x7EGS-QEqzA,I tried finding profitable flips at Walmart‚Ä¶,2022-02-25,16236845,851957,4176,-0.2590130625206691,0.0842750370502471,0.5463890791656774,Negative,252.0,64431.92,16.57
103,103,0FXgNvNDqS8,I asked a 9 figure ecom CEO if FB ads still work,2022-02-25,186803,6914,35,0.2870562219619751,0.166229248046875,0.518680557312059,Positive,252.0,741.28,0.14
104,104,dzCY_A1W2Wk,I built a sunglasses brand to compete with Ray-Ban,2022-02-24,2644327,123712,1119,-0.0173998427437377,0.1277187645435333,0.5885403360462493,Neutral,253.0,10451.89,4.42
105,105,MHcoJWtSP3g,I bought a wireless hotspot that makes me money,2022-02-22,6163849,296485,1255,-0.1857092798353949,0.1049588799476622,0.5666251411252364,Negative,255.0,24171.96,4.92
106,106,xED6b2rRHM8,A multimillionaire CEO‚Äôs secret manufacturing tip,2022-02-18,1092992,51289,338,0.1008087394729493,0.1338411688804626,0.6947571956536096,Positive,259.0,4220.05,1.31
107,107,w9_og6FFEOY,How much my T-shirt store made from $100 in Fb ads,2022-02-17,396180,17998,85,-0.0716441478671097,0.0997227609157562,0.5240318676123429,Neutral,260.0,1523.77,0.33
108,108,G-pn6BF-8DY,My biggest struggle as an entrepreneur,2022-02-15,199155,10898,41,0.4128089986349407,0.4155167520046234,0.542259301993227,Positive,262.0,760.13,0.16
109,109,DitHFGQgqnY,Ranking side hustles I‚Äôve tried from worst to best,2022-02-14,3036555,182392,698,-0.0263664128671165,0.1288487434387207,0.6295904891351705,Neutral,263.0,11545.84,2.65
110,110,_k56dhmsU_0,I paid Fiverr $30 and $120 to design NFT‚Äôs (comparison),2022-02-11,2493035,153407,1394,-0.119620756882018,0.1070299983024596,0.6297424268862984,Negative,266.0,9372.31,5.24
111,111,SPJ6Dfwja5w,My funniest flip I‚Äôve ever done (made good $ tho),2022-02-10,176373,8643,55,-0.0714676580258778,0.109585416316986,0.6813105712956448,Neutral,267.0,660.57,0.21
112,112,o1R6m4vIJRY,I tried the golf club flipping side hustle (it works),2022-02-08,201786,8918,64,-0.0474054954268715,0.1229077696800232,0.569332986040942,Neutral,269.0,750.13,0.24
113,113,vzAqjWPBdSc,How I made my NFT chain (step by step),2022-02-07,223064,7828,152,-0.1273529632602419,0.1061386764049529,0.6165947905705466,Negative,270.0,826.16,0.56
114,114,PEvkwuJl-qg,‚ÄúDrama‚Äù YouTubers are making a lot of money rn‚Ä¶,2022-02-05,154648,7236,61,-0.1487494918207327,0.0927467972040176,0.6541669374714961,Negative,272.0,568.56,0.22
115,115,JM2vkZBf0G4,How to grow $1k into $1mil online (what I did),2022-02-04,268687,14051,136,0.0038024889352993,0.1374180495738983,0.6200191597512349,Neutral,273.0,984.2,0.5
116,116,kFHPPvjvxxM,I made a chain so I can wear my NFT‚Äôs‚Ä¶,2022-02-02,98791,4843,103,0.0613665333160987,0.1307203412055969,0.6284848939751396,Neutral,275.0,359.24,0.37
117,118,hqNw6WsmZeI,Why I‚Äôm not selling NFT‚Äôs ever again‚Ä¶,2022-01-31,435588,15715,268,-0.1687903635881164,0.0990897566080092,0.5654439457944724,Negative,277.0,1572.52,0.97
118,119,Nbrj0tIVXb0,How I built a tablet farm that makes me money‚Ä¶,2022-01-28,13609004,584782,4414,-0.1442531075985692,0.1179753065109253,0.5270064147607257,Negative,280.0,48603.59,15.76
119,120,H-XflV-5OyI,It took me 1 year to get 1k YouTube subs‚Ä¶ üò≠,2022-01-27,144452,8454,69,0.5186748589530136,0.767646074295044,0.5473948934912019,Positive,281.0,514.06,0.25
120,121,uEaXu1m4R5Y,How much my Pok√©mon cards investment is worth üí∞,2022-01-26,14570731,874614,2566,-0.0264100776601162,0.133450549840927,0.5163930072841709,Neutral,282.0,51669.26,9.1
121,122,3S7lqhdaOZw,I Paid Fiverr Video Editors To Make A Commercial,2022-01-25,1744928,121666,2473,0.1907998670439717,0.1446276307106018,0.5604842796268058,Positive,283.0,6165.82,8.74
122,123,I4f0lEcZQII,At 25yo I was doing $100k per month on eBay,2022-01-24,521855,27326,164,-0.0596761697596246,0.1394372463226318,0.611306145494996,Neutral,284.0,1837.52,0.58
123,124,MIIWbM_JkeI,I tried the print on demand t-shirt side hustle,2022-01-20,104785,5802,40,0.3925231625636418,0.1810834527015686,0.5463575739569118,Positive,288.0,363.84,0.14
124,125,K3cM2bwWwLw,How I&#39;ve Been Doubling My Money With NFT&#39;s,2022-01-19,27500,809,53,0.1095136872359684,0.1377324938774109,0.774684274107039,Positive,289.0,95.16,0.18
125,126,UhiSRuk7Lfw,I tried making $ with smaller NFT projects‚Ä¶,2022-01-18,141519,6120,83,-0.0867480765890192,0.1151203989982604,0.6258873485765586,Neutral,290.0,488.0,0.29
126,127,owD-CiSL80Y,How much I made selling dollar store items online‚Ä¶,2022-01-17,1452106,85132,493,-0.447015326901486,-0.7296043634414673,0.5663524258234983,Negative,291.0,4990.05,1.69
127,129,FzYz_NPwtq0,My New Money Printing Tablet Farm,2022-01-07,225342,11572,245,0.0957301172083371,0.1520034849643706,0.4256123696033856,Neutral,301.0,748.64,0.81
128,130,vraQBntRrPE,Trying to turn $0 into $10k from scratch üí∞,2021-10-28,4715317,245725,1026,-0.1717375876325549,0.1076916933059692,0.5576806024426458,Negative,372.0,12675.58,2.76
129,131,erni261z5wU,I tried flipping NFTs‚Ä¶ here‚Äôs how much I made.,2021-10-27,4474616,168062,1917,-0.2735110710289167,-0.4688828587532043,0.5624443752083487,Negative,373.0,11996.29,5.14
130,132,6hfjCpnlzDc,I tried finding profitable sneakers at Kohl‚Äôs üòñ,2021-10-20,650797,39161,150,-0.0986941225661171,0.1092305719852446,0.6206899370942497,Neutral,380.0,1712.62,0.39
131,133,U1-PcDFMq4s,Dropshipping From A Cabin In The Woods (24HR Challenge),2021-10-15,13284,763,44,0.4837064023371096,0.8685603737831116,0.6425992714808217,Positive,385.0,34.5,0.11
132,135,Euqcd4OmycE,Were these brand names from Fiverr worth $50? üòñ,2021-10-07,48474,1698,63,0.0947204325880323,0.1482229232788086,0.5198456950162371,Neutral,393.0,123.34,0.16
133,137,6srUHtjuqaU,10k today or 1 Bitcoin in 5 years? (on Omegle‚Ä¶),2021-10-05,46069,1464,38,0.2054568770527839,0.140459644794464,0.4486334497624326,Positive,395.0,116.63,0.1
134,139,bGMNgiIN6Wg,The Trick To The YouTube Shorts Algorithm‚Ä¶,2021-09-30,71412,4313,70,0.2605693059662978,0.1575970709323882,0.6458686419671584,Positive,400.0,178.53,0.18
135,140,aTX1ICVgCBg,My first product I designed  manufactured üòñ,2021-09-29,35346,2185,65,0.3478144404788812,0.331122663617134,0.5818329481632339,Positive,401.0,88.14,0.16
136,142,MReS_0n_O_w,My Day As A Small YouTuber Trying To Make It (Raw Footage),2021-09-25,4019,158,40,0.5771151504733345,0.7710647284984589,0.4768754270793273,Positive,405.0,9.92,0.1
137,151,tGgbRYqcWd8,I Bought A Billboard To Grow My Instagram,2021-09-07,4684,332,31,0.4510935018459955,0.8414880335330963,0.647130947813753,Positive,423.0,11.07,0.07
138,153,2yn9Pa2W_3w,I got thumbnail advice from MrBeast üòè,2021-09-02,532261,45826,225,-0.1475968308108193,0.0840056777000427,0.7072256542174885,Negative,428.0,1243.6,0.53
139,155,iPqOKWMkylw,I Tried Making Money With Virtual Horse Racing,2021-08-31,12304,584,32,0.1753250771098666,0.1459904313087462,0.615834261385998,Positive,430.0,28.61,0.07
140,167,x_-_IlJg60Y,I paid $1365 for a product commercial on Fiverr‚Ä¶ Was it worth it?,2021-08-06,17177,1154,40,0.5159688644938999,0.9035912156105042,0.660215843626385,Positive,455.0,37.75,0.09
141,170,pnOtEPg1GAE,How Yeti Charges $35 For A Cup‚Ä¶,2021-08-04,1038455,37628,691,-0.2151254885071202,0.099304986000061,0.5733234196619305,Negative,457.0,2272.33,1.51
142,171,Hz4bcxs7Vms,The genius marketing behind NELK  Full Send‚Ä¶,2021-08-02,154792,4941,109,-0.1765994391271046,0.1119711399078368,0.575647638192828,Negative,459.0,337.24,0.24
143,172,MZs3jKq9Vlk,I PAID someone on FIVERR to EDIT my commercial,2021-07-26,26455,1330,31,0.2947717183828354,0.3266517579555511,0.6163847935414808,Positive,466.0,56.77,0.07
144,176,HyEaPaXQUeI,1 Hour Shopify Dropshipping Challenge (FROM SCRATCH),2021-06-23,5155,256,30,0.1716350331025965,0.1835853338241577,0.6522232108384787,Positive,499.0,10.33,0.06
145,182,Kxxxtkioncc,I Tried Dropshipping From Scratch (24HR CHALLENGE),2021-03-10,7339,397,55,0.4132092666625976,0.5608651489019394,0.612555679216315,Positive,604.0,12.15,0.09
146,183,-hQCZGiwyUA,How I Started A Million Dollar Business From My Mom&#39;s Basement,2021-02-23,6467,405,37,0.6502485709530966,0.9098910093307496,0.3836065563552833,Positive,619.0,10.45,0.06
